handle,display_name,competitions,best_rank
mathurinache,Mathurin Ache,230,3
asalhi,Ali,103,2
titericz,Giba,101,1
yuanzhezhou,yuanzhe zhou,93,1
cdeotte,Chris Deotte,67,1
takoihiraokazu,Takoi,61,1
samson8,Yurnero,59,2
leehann,HZM,58,2
jaejohn,g john rao,57,3
arunodhayan,Arunodhayan,51,5
jamalsaeedi,Cyrus,50,10
cpmpml,CPMP,46,1
hydantess,hyd,45,1
christofhenkel,Dieter,44,1
dc5e964768ef56302a32,Rib~,42,1
aerdem4,Ahmet Erdem,41,1
philippsinger,Psi,37,1
cnumber,c-number,36,1
pingfan,Baiph,35,2
ren4yu,yu4u,33,1
ebinan92,Ebi,33,2
tascj0,tascj,29,1
tonylica,Tony Li,28,1
sayoulala,sayoulala,28,3
harshitsheoran,Harshit Sheoran,26,1
tatamikenn,Bilzard,26,2
wowfattie,Guanshuo Xu,24,1
jiweiliu,Jiwei Liu,24,1
brendanartley,Bartley,23,1
darraghdog,Darragh,23,1
conjuring92,Raja Biswas,21,1
chack3,ohkawa3,20,4
arc144,Eduardo Rocha de Andrade,19,1
tomirol,matheus,19,3
xiaoz259,xz,19,19
nikitababich,Nikita Babych,19,1
jsday96,James Day,17,1
yiheng,Yiheng Wang,16,1
aypyaypy,AyPy,16,1
daiwakun,daiwakun,15,2
simingtan,samuel tan,15,5
ferdinandlimburg,flg,15,3
yijiey,Luca,14,1
w5833946,Ruby,13,6
guoooooooss,guo dashuai,12,2
jeroencottaar,Jeroen Cottaar,11,1
tomoon33,tomoon33,8,3
dipamc77,Dipam Chakraborty,8,3
pressman1,IsaiahP,6,1
sersasj,Sergio Alvarez,6,3
