rank,display_name,handle,user_id,tier,points,gold,silver,bronze,join_time,user_url
1,yuanzhe zhou,yuanzhezhou,4578277,GRANDMASTER,123480,14,20,13,2020-02-28T20:54:17.107Z,https://www.kaggle.com/yuanzhezhou
2,Dieter,christofhenkel,1424766,GRANDMASTER,115315,53,18,4,2017-11-17T06:39:22.317Z,https://www.kaggle.com/christofhenkel
3,Jeroen Cottaar,jeroencottaar,14984949,GRANDMASTER,99716,5,2,,2023-05-07T12:47:19.840Z,https://www.kaggle.com/jeroencottaar
4,Nikita Babych,nikitababich,6343664,MASTER,94856,4,5,2,2020-12-08T18:20:58.770Z,https://www.kaggle.com/nikitababich
5,Eduardo Rocha de Andrade,arc144,1648129,GRANDMASTER,92804,14,19,1,2018-02-18T23:14:28.597Z,https://www.kaggle.com/arc144
6,c-number,cnumber,6624777,GRANDMASTER,89564,14,5,,2021-01-30T13:20:01.593Z,https://www.kaggle.com/cnumber
7,tascj,tascj0,381412,GRANDMASTER,83672,20,12,4,2015-07-10T10:48:36.777Z,https://www.kaggle.com/tascj0
8,yu4u,ren4yu,745525,GRANDMASTER,83341,16,19,6,2016-10-09T17:05:59.600Z,https://www.kaggle.com/ren4yu
9,Luca,yijiey,22410703,MASTER,82910,2,4,3,2024-09-07T01:06:38.627Z,https://www.kaggle.com/yijiey
10,Ruby,w5833946,2720421,GRANDMASTER,77567,5,8,,2019-01-19T09:48:33.440Z,https://www.kaggle.com/w5833946
11,Sergio Alvarez,sersasj,2221915,MASTER,76530,4,1,1,2018-09-07T15:40:35.943Z,https://www.kaggle.com/sersasj
12,Takoi,takoihiraokazu,623370,GRANDMASTER,76210,19,18,3,2016-05-24T13:05:46.737Z,https://www.kaggle.com/takoihiraokazu
13,xz,xiaoz259,17460940,MASTER,74286,1,3,5,2023-10-28T17:37:06.500Z,https://www.kaggle.com/xiaoz259
14,Guanshuo Xu,wowfattie,478989,GRANDMASTER,73379,29,28,2,2015-12-02T04:40:13.517Z,https://www.kaggle.com/wowfattie
15,James Day,jsday96,3512350,GRANDMASTER,72890,6,6,1,2019-07-27T04:55:08.497Z,https://www.kaggle.com/jsday96
16,IsaiahP,pressman1,2326925,GRANDMASTER,72810,5,2,,2018-10-05T20:33:19.820Z,https://www.kaggle.com/pressman1
17,Chris Deotte,cdeotte,1723677,GRANDMASTER,71935,26,30,10,2018-03-14T22:51:30.630Z,https://www.kaggle.com/cdeotte
18,Tony Li,tonylica,22938014,MASTER,69683,5,8,3,2024-10-08T13:13:18.450Z,https://www.kaggle.com/tonylica
19,hyd,hydantess,8899439,GRANDMASTER,69593,15,14,1,2021-11-16T03:12:52.263Z,https://www.kaggle.com/hydantess
20,Raja Biswas,conjuring92,2125251,GRANDMASTER,68498,13,7,1,2018-08-04T11:05:56.010Z,https://www.kaggle.com/conjuring92
21,Ebi,ebinan92,2064220,GRANDMASTER,66902,6,11,1,2018-07-12T16:25:39.520Z,https://www.kaggle.com/ebinan92
22,samuel tan,simingtan,8310576,MASTER,63585,3,3,,2021-09-09T02:55:19.927Z,https://www.kaggle.com/simingtan
23,Mathurin Ache,mathurinache,18463,GRANDMASTER,60848,10,57,60,2011-10-11T10:41:53.177Z,https://www.kaggle.com/mathurinache
24,flg,ferdinandlimburg,2360589,GRANDMASTER,59783,7,3,,2018-10-14T11:27:00.620Z,https://www.kaggle.com/ferdinandlimburg
25,Giba,titericz,54836,GRANDMASTER,58966,66,58,34,2012-08-23T17:26:51.110Z,https://www.kaggle.com/titericz
26,tomoon33,tomoon33,15217057,GRANDMASTER,57875,5,2,,2023-05-22T08:38:12.340Z,https://www.kaggle.com/tomoon33
27,CPMP,cpmpml,75976,GRANDMASTER,57296,29,37,5,2012-12-16T12:03:05.527Z,https://www.kaggle.com/cpmpml
28,Yiheng Wang,yiheng,682501,GRANDMASTER,54865,9,14,5,2016-08-09T01:58:46.357Z,https://www.kaggle.com/yiheng
29,Baiph,pingfan,2048481,GRANDMASTER,54817,6,7,2,2018-07-06T15:08:43.277Z,https://www.kaggle.com/pingfan
30,guo dashuai,guoooooooss,23997254,MASTER,54503,4,4,,2024-12-04T03:26:26.977Z,https://www.kaggle.com/guoooooooss
31,Yurnero,samson8,13977249,GRANDMASTER,54286,8,5,6,2023-03-03T14:43:19.297Z,https://www.kaggle.com/samson8
32,ohkawa3,chack3,1630583,GRANDMASTER,54037,5,6,1,2018-02-12T08:30:12.877Z,https://www.kaggle.com/chack3
33,HZM,leehann,9464013,GRANDMASTER,53156,13,10,7,2022-01-22T02:06:18.217Z,https://www.kaggle.com/leehann
34,AyPy,aypyaypy,11204962,MASTER,53114,4,4,2,2022-08-02T23:12:55.563Z,https://www.kaggle.com/aypyaypy
35,matheus,tomirol,4364590,GRANDMASTER,51653,9,9,1,2020-01-22T02:56:36.330Z,https://www.kaggle.com/tomirol
36,daiwakun,daiwakun,8458050,GRANDMASTER,51438,7,6,,2021-09-28T06:20:40.373Z,https://www.kaggle.com/daiwakun
37,Dipam Chakraborty,dipamc77,3468635,MASTER,51299,3,4,,2019-07-16T05:46:12.097Z,https://www.kaggle.com/dipamc77
38,Bartley,brendanartley,5570735,GRANDMASTER,50290,5,8,2,2020-08-03T21:59:11.530Z,https://www.kaggle.com/brendanartley
39,Harshit Sheoran,harshitsheoran,1794509,GRANDMASTER,50283,6,8,4,2018-04-06T09:46:57.523Z,https://www.kaggle.com/harshitsheoran
40,Ali,asalhi,6915758,MASTER,49657,2,7,20,2021-03-11T10:51:33.827Z,https://www.kaggle.com/asalhi
41,Cyrus,jamalsaeedi,3842406,MASTER,49468,2,3,10,2019-10-11T12:08:53.983Z,https://www.kaggle.com/jamalsaeedi
42,Bilzard,tatamikenn,4910466,GRANDMASTER,47638,4,7,2,2020-04-19T03:11:15.797Z,https://www.kaggle.com/tatamikenn
43,g john rao,jaejohn,14464632,MASTER,47551,2,,4,2023-04-02T19:25:00.237Z,https://www.kaggle.com/jaejohn
44,Ahmet Erdem,aerdem4,471945,GRANDMASTER,47338,30,34,7,2015-11-22T15:08:14.030Z,https://www.kaggle.com/aerdem4
45,Darragh,darraghdog,213493,GRANDMASTER,46754,28,14,3,2014-07-03T17:07:48.400Z,https://www.kaggle.com/darraghdog
46,Arunodhayan,arunodhayan,2101769,MASTER,46229,3,7,5,2018-07-26T16:27:06.537Z,https://www.kaggle.com/arunodhayan
47,sayoulala,sayoulala,3539328,GRANDMASTER,43851,8,8,1,2019-08-02T14:30:53.670Z,https://www.kaggle.com/sayoulala
48,Rib~,dc5e964768ef56302a32,3843588,GRANDMASTER,43669,12,14,2,2019-10-11T17:24:54.420Z,https://www.kaggle.com/dc5e964768ef56302a32
49,Psi,philippsinger,37166,GRANDMASTER,43520,38,13,,2012-03-29T14:12:46.277Z,https://www.kaggle.com/philippsinger
50,Jiwei Liu,jiweiliu,100236,GRANDMASTER,43420,21,33,12,2013-05-09T03:27:56.190Z,https://www.kaggle.com/jiweiliu
