handle,display_name,records,topics,comments,first_date,last_date
cdeotte,Chris Deotte,903,72,831,2021-10-02 23:46:08.493000,2026-10-02 15:26:36.130000
cpmpml,CPMP,205,9,196,2021-08-20 18:46:10.760000,2026-07-13 02:58:21.323000
philippsinger,Psi,133,9,124,2022-01-13 13:41:07.850000,2026-10-01 07:11:44.787000
conjuring92,Raja Biswas,89,7,82,2022-05-04 04:05:28.530000,2025-03-20 16:22:57.467000
tatamikenn,Bilzard,78,4,74,2022-01-15 03:12:10.780000,2026-08-06 22:09:23.260000
hydantess,hyd,77,5,72,2022-05-10 04:07:09.937000,2025-12-05 12:48:42.353000
darraghdog,Darragh,69,3,66,2022-08-24 19:52:19.913000,2025-07-01 06:23:13.057000
cnumber,c-number,69,9,60,2023-01-19 01:02:34.267000,2026-07-01 22:09:04.533000
jeroencottaar,Jeroen Cottaar,69,5,64,2024-11-01 20:45:41.717000,2026-02-13 20:12:22.467000
tascj0,tascj,57,8,49,2022-01-05 08:47:11.590000,2025-10-21 00:26:02.867000
brendanartley,Bartley,45,3,42,2023-05-02 15:31:07.790000,2026-07-09 23:35:09.893000
pressman1,IsaiahP,41,4,37,2025-03-18 02:39:39.427000,2026-08-30 13:34:40.143000
yiheng,Yiheng Wang,40,2,38,2022-05-18 01:43:10.287000,2026-07-16 23:47:23.263000
aerdem4,Ahmet Erdem,38,5,33,2023-03-15 06:20:57.240000,2026-03-27 12:20:01.720000
christofhenkel,Dieter,36,6,30,2023-02-28 11:27:45.363000,2026-02-28 18:46:20.007000
arc144,Eduardo Rocha de Andrade,36,3,33,2022-01-27 13:40:47.687000,2026-10-01 16:46:04.720000
harshitsheoran,Harshit Sheoran,35,3,32,2022-08-09 04:35:38.583000,2026-01-25 13:27:30.437000
yuanzhezhou,yuanzhe zhou,34,2,32,2021-09-28 17:00:43.930000,2025-09-18 10:29:36.083000
samson8,Yurnero,29,2,27,2023-04-28 12:22:57.600000,2026-09-03 08:15:42.227000
jiweiliu,Jiwei Liu,28,2,26,2022-08-25 11:52:26.943000,2026-07-15 17:33:58.787000
takoihiraokazu,Takoi,28,6,22,2022-07-09 12:07:58.600000,2025-12-05 21:07:48.737000
sayoulala,sayoulala,27,2,25,2023-03-15 02:56:06.993000,2025-12-08 04:56:48.827000
xiaoz259,xz,24,1,23,2025-04-02 11:45:28.740000,2026-09-08 01:37:07.057000
titericz,Giba,24,4,20,2022-01-21 19:27:35.163000,2026-07-08 16:55:34.877000
asalhi,Ali,23,1,22,2021-12-14 23:56:43.300000,2026-04-15 07:54:38.820000
ferdinandlimburg,flg,22,3,19,2022-05-10 15:37:29.553000,2026-06-26 10:15:54.793000
ren4yu,yu4u,21,5,16,2023-01-04 03:24:29.017000,2025-02-06 09:13:48.670000
wowfattie,Guanshuo Xu,20,3,17,2022-02-09 01:05:22.227000,2025-11-05 15:12:01.847000
chack3,ohkawa3,17,2,15,2022-10-18 00:17:52.233000,2025-12-19 23:21:36.673000
jsday96,James Day,17,2,15,2024-01-23 04:20:09.723000,2026-04-10 04:57:08.260000
jaejohn,g john rao,17,1,16,2025-05-30 11:04:21.093000,2025-11-14 04:46:20.793000
ebinan92,Ebi,16,3,13,2024-08-13 15:54:22.403000,2024-12-20 05:18:03.320000
dipamc77,Dipam Chakraborty,15,1,14,2023-04-20 05:30:30.673000,2026-06-27 12:44:15.293000
guoooooooss,guo dashuai,14,1,13,2025-01-05 12:36:23.167000,2025-06-07 08:28:18.567000
mathurinache,Mathurin Ache,10,2,8,2021-11-01 22:41:12.897000,2023-06-27 19:31:05.440000
tonylica,Tony Li,10,0,10,2025-11-08 17:46:48.183000,2026-07-16 23:24:49.540000
w5833946,Ruby,9,2,7,2025-09-03 05:34:42.223000,2026-08-13 23:45:26.093000
yijiey,Luca,7,1,6,2026-06-26 06:41:45.040000,2026-07-11 14:54:46.843000
nikitababich,Nikita Babych,6,1,5,2024-06-28 15:16:23.363000,2026-06-07 19:58:59.177000
jamalsaeedi,Cyrus,6,1,5,2025-06-05 13:00:04.373000,2026-04-09 09:19:48.543000
leehann,HZM,6,0,6,2022-12-08 11:15:03.403000,2026-04-17 10:55:41.513000
arunodhayan,Arunodhayan,5,0,5,2023-06-15 16:15:45.440000,2026-01-08 03:03:03.163000
sersasj,Sergio Alvarez,4,1,3,2026-10-01 22:00:27.060000,2026-10-01 22:06:37.170000
daiwakun,daiwakun,3,2,1,2025-09-04 04:03:17.680000,2025-09-04 04:03:17.680000
aypyaypy,AyPy,2,2,0,,
dc5e964768ef56302a32,Rib~,2,1,1,2024-07-12 02:33:38.390000,2024-07-12 02:33:38.390000
pingfan,Baiph,1,0,1,2026-02-23 16:43:56.220000,2026-02-23 16:43:56.220000
